{
    "release": {
        "id": "acs2022_5yr",
        "name": "ACS 2022 5-year",
        "years": "2018-2022"
    },
    "tables": {
        "B14001": {
            "columns": {
                "B14001001": {
                    "indent": 0,
                    "name": "Total:"
                },
                "B14001002": {
                    "indent": 1,
                    "name": "Enrolled in school:"
                },
                "B14001003": {
                    "indent": 2,
                    "name": "Enrolled in nursery school, preschool"
                },
                "B14001004": {
                    "indent": 2,
                    "name": "Enrolled in kindergarten"
                },
                "B14001005": {
                    "indent": 2,
                    "name": "Enrolled in grade 1 to grade 4"
                },
                "B14001006": {
                    "indent": 2,
                    "name": "Enrolled in grade 5 to grade 8"
                },
                "B14001007": {
                    "indent": 2,
                    "name": "Enrolled in grade 9 to grade 12"
                },
                "B14001008": {
                    "indent": 2,
                    "name": "Enrolled in college, undergraduate years"
                },
                "B14001009": {
                    "indent": 2,
                    "name": "Graduate or professional school"
                },
                "B14001010": {
                    "indent": 1,
                    "name": "Not enrolled in school"
                }
            },
            "denominator_column_id": "B14001001",
            "title": "School Enrollment by Level of School for the Population 3 Years and Over",
            "universe": "Population 3 years and over"
        }
    }
}